studyName;Sample Number;Species;Region;Island;Stage;Individual ID;Clutch Completion;Date Egg;Culmen Length (mm) * 10;Culmen Depth (mm) * 10;Flipper Length (mm);Body Mass (g);Sex
PAL0708;2;Adelie Penguin (Pygoscelis adeliae);Anvers;Torgersen;Adult 1 Egg Stage;N1A2;Yes;11/11/2007;395;174;186;3800;FEMALE
PAL0708;3;Adelie Penguin (Pygoscelis adeliae);Anvers;Torgersen;Adult 1 Egg Stage;N2A1;Yes;11/16/07;403;180;195;3250;FEMALE
PAL0708;5;Adelie Penguin (Pygoscelis adeliae);Anvers;Torgersen;Adult 1 Egg Stage;N3A1;Yes;11/16/07;367;193;193;3450;FEMALE
PAL0708;6;Adelie Penguin (Pygoscelis adeliae);Anvers;Torgersen;Adult 1 Egg Stage;N3A2;Yes;11/16/07;393;206;190;3650;MALE
PAL0708;7;Adelie Penguin (Pygoscelis adeliae);Anvers;Torgersen;Adult 1 Egg Stage;N4A1;No;11/15/07;389;178;181;3625;FEMALE
PAL0708;8;Adelie Penguin (Pygoscelis adeliae);Anvers;Torgersen;Adult 1 Egg Stage;N4A2;No;11/15/07;392;196;195;4675;MALE
PAL0708;15;Adelie Penguin (Pygoscelis adeliae);Anvers;Torgersen;Adult 1 Egg Stage;N8A1;Yes;11/16/07;346;211;198;4400;MALE
PAL0708;17;Adelie Penguin (Pygoscelis adeliae);Anvers;Torgersen;Adult 1 Egg Stage;N9A1;Yes;11/12/2007;387;190;195;3450;FEMALE
PAL0708;18;Adelie Penguin (Pygoscelis adeliae);Anvers;Torgersen;Adult 1 Egg Stage;N9A2;Yes;11/12/2007;425;207;197;4500;MALE
PAL0708;19;Adelie Penguin (Pygoscelis adeliae);Anvers;Torgersen;Adult 1 Egg Stage;N10A1;Yes;11/16/07;344;184;184;3325;FEMALE
PAL0708;20;Adelie Penguin (Pygoscelis adeliae);Anvers;Torgersen;Adult 1 Egg Stage;N10A2;Yes;11/16/07;460;215;194;4200;MALE
PAL0708;21;Adelie Penguin (Pygoscelis adeliae);Anvers;Biscoe;Adult 1 Egg Stage;N11A1;Yes;11/12/2007;378;183;174;3400;FEMALE
PAL0708;22;Adelie Penguin (Pygoscelis adeliae);Anvers;Biscoe;Adult 1 Egg Stage;N11A2;Yes;11/12/2007;377;187;180;3600;MALE
PAL0708;23;Adelie Penguin (Pygoscelis adeliae);Anvers;Biscoe;Adult 1 Egg Stage;N12A1;Yes;11/12/2007;359;192;189;3800;FEMALE
PAL0708;24;Adelie Penguin (Pygoscelis adeliae);Anvers;Biscoe;Adult 1 Egg Stage;N12A2;Yes;11/12/2007;382;181;185;3950;MALE
PAL0708;25;Adelie Penguin (Pygoscelis adeliae);Anvers;Biscoe;Adult 1 Egg Stage;N13A1;Yes;11/10/2007;388;172;180;3800;MALE
PAL0708;26;Adelie Penguin (Pygoscelis adeliae);Anvers;Biscoe;Adult 1 Egg Stage;N13A2;Yes;11/10/2007;353;189;187;3800;FEMALE
PAL0708;27;Adelie Penguin (Pygoscelis adeliae);Anvers;Biscoe;Adult 1 Egg Stage;N17A1;Yes;11/12/2007;406;186;183;3550;MALE
PAL0708;28;Adelie Penguin (Pygoscelis adeliae);Anvers;Biscoe;Adult 1 Egg Stage;N17A2;Yes;11/12/2007;405;179;187;3200;FEMALE
PAL0708;29;Adelie Penguin (Pygoscelis adeliae);Anvers;Biscoe;Adult 1 Egg Stage;N18A1;No;11/10/2007;379;186;172;3150;FEMALE
PAL0708;30;Adelie Penguin (Pygoscelis adeliae);Anvers;Biscoe;Adult 1 Egg Stage;N18A2;No;11/10/2007;405;189;180;3950;MALE
PAL0708;31;Adelie Penguin (Pygoscelis adeliae);Anvers;Dream;Adult 1 Egg Stage;N21A1;Yes;11/09/2007;395;167;178;3250;FEMALE
PAL0708;32;Adelie Penguin (Pygoscelis adeliae);Anvers;Dream;Adult 1 Egg Stage;N21A2;Yes;11/09/2007;372;181;178;3900;MALE
PAL0708;33;Adelie Penguin (Pygoscelis adeliae);Anvers;Dream;Adult 1 Egg Stage;N22A1;Yes;11/09/2007;395;178;188;3300;FEMALE
PAL0708;34;Adelie Penguin (Pygoscelis adeliae);Anvers;Dream;Adult 1 Egg Stage;N22A2;Yes;11/09/2007;409;189;184;3900;MALE
PAL0708;35;Adelie Penguin (Pygoscelis adeliae);Anvers;Dream;Adult 1 Egg Stage;N23A1;Yes;11/16/07;364;170;195;3325;FEMALE
PAL0708;36;Adelie Penguin (Pygoscelis adeliae);Anvers;Dream;Adult 1 Egg Stage;N23A2;Yes;11/16/07;392;211;196;4150;MALE
PAL0708;37;Adelie Penguin (Pygoscelis adeliae);Anvers;Dream;Adult 1 Egg Stage;N24A1;Yes;11/16/07;388;200;190;3950;MALE
PAL0708;38;Adelie Penguin (Pygoscelis adeliae);Anvers;Dream;Adult 1 Egg Stage;N24A2;Yes;11/16/07;422;185;180;3550;FEMALE
PAL0708;39;Adelie Penguin (Pygoscelis adeliae);Anvers;Dream;Adult 1 Egg Stage;N25A1;No;11/13/07;376;193;181;3300;FEMALE
PAL0708;41;Adelie Penguin (Pygoscelis adeliae);Anvers;Dream;Adult 1 Egg Stage;N26A1;Yes;11/16/07;365;180;182;3150;FEMALE
PAL0708;43;Adelie Penguin (Pygoscelis adeliae);Anvers;Dream;Adult 1 Egg Stage;N27A1;Yes;11/19/07;360;185;186;3100;FEMALE
PAL0708;44;Adelie Penguin (Pygoscelis adeliae);Anvers;Dream;Adult 1 Egg Stage;N27A2;Yes;11/19/07;441;197;196;4400;MALE
PAL0708;45;Adelie Penguin (Pygoscelis adeliae);Anvers;Dream;Adult 1 Egg Stage;N28A1;Yes;11/16/07;370;169;185;3000;FEMALE
PAL0708;46;Adelie Penguin (Pygoscelis adeliae);Anvers;Dream;Adult 1 Egg Stage;N28A2;Yes;11/16/07;396;188;190;4600;MALE
PAL0708;49;Adelie Penguin (Pygoscelis adeliae);Anvers;Dream;Adult 1 Egg Stage;N30A1;Yes;11/13/07;360;179;190;3450;FEMALE
PAL0708;50;Adelie Penguin (Pygoscelis adeliae);Anvers;Dream;Adult 1 Egg Stage;N30A2;Yes;11/13/07;423;212;191;4150;MALE
PAL0809;51;Adelie Penguin (Pygoscelis adeliae);Anvers;Biscoe;Adult 1 Egg Stage;N21A1;Yes;11/06/2008;396;177;186;3500;FEMALE
PAL0809;52;Adelie Penguin (Pygoscelis adeliae);Anvers;Biscoe;Adult 1 Egg Stage;N21A2;Yes;11/06/2008;401;189;188;4300;MALE
PAL0809;53;Adelie Penguin (Pygoscelis adeliae);Anvers;Biscoe;Adult 1 Egg Stage;N22A1;Yes;11/09/2008;350;179;190;3450;FEMALE
PAL0809;54;Adelie Penguin (Pygoscelis adeliae);Anvers;Biscoe;Adult 1 Egg Stage;N22A2;Yes;11/09/2008;420;195;200;4050;MALE
PAL0809;55;Adelie Penguin (Pygoscelis adeliae);Anvers;Biscoe;Adult 1 Egg Stage;N23A1;Yes;11/09/2008;345;181;187;2900;FEMALE
PAL0809;56;Adelie Penguin (Pygoscelis adeliae);Anvers;Biscoe;Adult 1 Egg Stage;N23A2;Yes;11/09/2008;414;186;191;3700;MALE
PAL0809;57;Adelie Penguin (Pygoscelis adeliae);Anvers;Biscoe;Adult 1 Egg Stage;N24A1;Yes;11/15/08;390;175;186;3550;FEMALE
PAL0809;58;Adelie Penguin (Pygoscelis adeliae);Anvers;Biscoe;Adult 1 Egg Stage;N24A2;Yes;11/15/08;406;188;193;3800;MALE
PAL0809;59;Adelie Penguin (Pygoscelis adeliae);Anvers;Biscoe;Adult 1 Egg Stage;N25A1;Yes;11/15/08;365;166;181;2850;FEMALE
PAL0809;60;Adelie Penguin (Pygoscelis adeliae);Anvers;Biscoe;Adult 1 Egg Stage;N25A2;Yes;11/15/08;376;191;194;3750;MALE
PAL0809;61;Adelie Penguin (Pygoscelis adeliae);Anvers;Biscoe;Adult 1 Egg Stage;N27A1;Yes;11/13/08;357;169;185;3150;FEMALE
PAL0809;62;Adelie Penguin (Pygoscelis adeliae);Anvers;Biscoe;Adult 1 Egg Stage;N27A2;Yes;11/13/08;413;211;195;4400;MALE
PAL0809;63;Adelie Penguin (Pygoscelis adeliae);Anvers;Biscoe;Adult 1 Egg Stage;N28A1;Yes;11/13/08;376;170;185;3600;FEMALE
PAL0809;64;Adelie Penguin (Pygoscelis adeliae);Anvers;Biscoe;Adult 1 Egg Stage;N28A2;Yes;11/13/08;411;182;192;4050;MALE
PAL0809;65;Adelie Penguin (Pygoscelis adeliae);Anvers;Biscoe;Adult 1 Egg Stage;N29A1;Yes;11/13/08;364;171;184;2850;FEMALE
PAL0809;66;Adelie Penguin (Pygoscelis adeliae);Anvers;Biscoe;Adult 1 Egg Stage;N29A2;Yes;11/13/08;416;180;192;3950;MALE
PAL0809;67;Adelie Penguin (Pygoscelis adeliae);Anvers;Biscoe;Adult 1 Egg Stage;N30A1;Yes;11/06/2008;355;162;195;3350;FEMALE
PAL0809;68;Adelie Penguin (Pygoscelis adeliae);Anvers;Biscoe;Adult 1 Egg Stage;N30A2;Yes;11/06/2008;411;191;188;4100;MALE
PAL0809;69;Adelie Penguin (Pygoscelis adeliae);Anvers;Torgersen;Adult 1 Egg Stage;N32A1;No;11/11/2008;359;166;190;3050;FEMALE
PAL0809;70;Adelie Penguin (Pygoscelis adeliae);Anvers;Torgersen;Adult 1 Egg Stage;N32A2;No;11/11/2008;418;194;198;4450;MALE
PAL0809;71;Adelie Penguin (Pygoscelis adeliae);Anvers;Torgersen;Adult 1 Egg Stage;N34A1;Yes;11/14/08;335;190;190;3600;FEMALE
PAL0809;72;Adelie Penguin (Pygoscelis adeliae);Anvers;Torgersen;Adult 1 Egg Stage;N34A2;Yes;11/14/08;397;184;190;3900;MALE
PAL0809;73;Adelie Penguin (Pygoscelis adeliae);Anvers;Torgersen;Adult 1 Egg Stage;N35A1;Yes;11/11/2008;396;172;196;3550;FEMALE
PAL0809;74;Adelie Penguin (Pygoscelis adeliae);Anvers;Torgersen;Adult 1 Egg Stage;N35A2;Yes;11/11/2008;458;189;197;4150;MALE
PAL0809;75;Adelie Penguin (Pygoscelis adeliae);Anvers;Torgersen;Adult 1 Egg Stage;N36A1;Yes;11/08/2008;355;175;190;3700;FEMALE
PAL0809;76;Adelie Penguin (Pygoscelis adeliae);Anvers;Torgersen;Adult 1 Egg Stage;N36A2;Yes;11/08/2008;428;185;195;4250;MALE
PAL0809;77;Adelie Penguin (Pygoscelis adeliae);Anvers;Torgersen;Adult 1 Egg Stage;N37A1;Yes;11/06/2008;409;168;191;3700;FEMALE
PAL0809;78;Adelie Penguin (Pygoscelis adeliae);Anvers;Torgersen;Adult 1 Egg Stage;N37A2;Yes;11/06/2008;372;194;184;3900;MALE
PAL0809;79;Adelie Penguin (Pygoscelis adeliae);Anvers;Torgersen;Adult 1 Egg Stage;N38A1;Yes;11/09/2008;362;161;187;3550;FEMALE
PAL0809;80;Adelie Penguin (Pygoscelis adeliae);Anvers;Torgersen;Adult 1 Egg Stage;N38A2;Yes;11/09/2008;421;191;195;4000;MALE
PAL0809;81;Adelie Penguin (Pygoscelis adeliae);Anvers;Torgersen;Adult 1 Egg Stage;N39A1;Yes;11/02/2008;346;172;189;3200;FEMALE
PAL0809;82;Adelie Penguin (Pygoscelis adeliae);Anvers;Torgersen;Adult 1 Egg Stage;N39A2;Yes;11/02/2008;429;176;196;4700;MALE
PAL0809;83;Adelie Penguin (Pygoscelis adeliae);Anvers;Torgersen;Adult 1 Egg Stage;N40A1;Yes;11/07/2008;367;188;187;3800;FEMALE
PAL0809;84;Adelie Penguin (Pygoscelis adeliae);Anvers;Torgersen;Adult 1 Egg Stage;N40A2;Yes;11/07/2008;351;194;193;4200;MALE
PAL0809;85;Adelie Penguin (Pygoscelis adeliae);Anvers;Dream;Adult 1 Egg Stage;N41A1;Yes;11/17/08;373;178;191;3350;FEMALE
PAL0809;86;Adelie Penguin (Pygoscelis adeliae);Anvers;Dream;Adult 1 Egg Stage;N41A2;Yes;11/17/08;413;203;194;3550;MALE
PAL0809;87;Adelie Penguin (Pygoscelis adeliae);Anvers;Dream;Adult 1 Egg Stage;N42A1;Yes;11/08/2008;363;195;190;3800;MALE
PAL0809;88;Adelie Penguin (Pygoscelis adeliae);Anvers;Dream;Adult 1 Egg Stage;N42A2;Yes;11/08/2008;369;186;189;3500;FEMALE
PAL0809;89;Adelie Penguin (Pygoscelis adeliae);Anvers;Dream;Adult 1 Egg Stage;N44A1;Yes;11/08/2008;383;192;189;3950;MALE
PAL0809;90;Adelie Penguin (Pygoscelis adeliae);Anvers;Dream;Adult 1 Egg Stage;N44A2;Yes;11/08/2008;389;188;190;3600;FEMALE
PAL0809;91;Adelie Penguin (Pygoscelis adeliae);Anvers;Dream;Adult 1 Egg Stage;N45A1;Yes;11/14/08;357;180;202;3550;FEMALE
PAL0809;92;Adelie Penguin (Pygoscelis adeliae);Anvers;Dream;Adult 1 Egg Stage;N45A2;Yes;11/14/08;411;181;205;4300;MALE
PAL0809;93;Adelie Penguin (Pygoscelis adeliae);Anvers;Dream;Adult 1 Egg Stage;N46A1;Yes;11/05/2008;340;171;185;3400;FEMALE
PAL0809;94;Adelie Penguin (Pygoscelis adeliae);Anvers;Dream;Adult 1 Egg Stage;N46A2;Yes;11/05/2008;396;181;186;4450;MALE
PAL0809;95;Adelie Penguin (Pygoscelis adeliae);Anvers;Dream;Adult 1 Egg Stage;N48A1;Yes;11/17/08;362;173;187;3300;FEMALE
PAL0809;96;Adelie Penguin (Pygoscelis adeliae);Anvers;Dream;Adult 1 Egg Stage;N48A2;Yes;11/17/08;408;189;208;4300;MALE
PAL0809;97;Adelie Penguin (Pygoscelis adeliae);Anvers;Dream;Adult 1 Egg Stage;N49A1;Yes;11/08/2008;381;186;190;3700;FEMALE
PAL0809;98;Adelie Penguin (Pygoscelis adeliae);Anvers;Dream;Adult 1 Egg Stage;N49A2;Yes;11/08/2008;403;185;196;4350;MALE
PAL0809;99;Adelie Penguin (Pygoscelis adeliae);Anvers;Dream;Adult 1 Egg Stage;N50A1;Yes;11/10/2008;331;161;178;2900;FEMALE
PAL0809;100;Adelie Penguin (Pygoscelis adeliae);Anvers;Dream;Adult 1 Egg Stage;N50A2;Yes;11/10/2008;432;185;192;4100;MALE
PAL0910;101;Adelie Penguin (Pygoscelis adeliae);Anvers;Biscoe;Adult 1 Egg Stage;N47A1;Yes;11/09/2009;350;179;192;3725;FEMALE
PAL0910;102;Adelie Penguin (Pygoscelis adeliae);Anvers;Biscoe;Adult 1 Egg Stage;N47A2;Yes;11/09/2009;410;200;203;4725;MALE
PAL0910;103;Adelie Penguin (Pygoscelis adeliae);Anvers;Biscoe;Adult 1 Egg Stage;N49A1;Yes;11/15/09;377;160;183;3075;FEMALE
PAL0910;104;Adelie Penguin (Pygoscelis adeliae);Anvers;Biscoe;Adult 1 Egg Stage;N49A2;Yes;11/15/09;378;200;190;4250;MALE
PAL0910;105;Adelie Penguin (Pygoscelis adeliae);Anvers;Biscoe;Adult 1 Egg Stage;N51A1;Yes;11/15/09;379;186;193;2925;FEMALE
PAL0910;106;Adelie Penguin (Pygoscelis adeliae);Anvers;Biscoe;Adult 1 Egg Stage;N51A2;Yes;11/15/09;397;189;184;3550;MALE
PAL0910;107;Adelie Penguin (Pygoscelis adeliae);Anvers;Biscoe;Adult 1 Egg Stage;N53A1;Yes;11/15/09;386;172;199;3750;FEMALE
PAL0910;108;Adelie Penguin (Pygoscelis adeliae);Anvers;Biscoe;Adult 1 Egg Stage;N53A2;Yes;11/15/09;382;200;190;3900;MALE
PAL0910;109;Adelie Penguin (Pygoscelis adeliae);Anvers;Biscoe;Adult 1 Egg Stage;N55A1;Yes;11/20/09;381;170;181;3175;FEMALE
PAL0910;110;Adelie Penguin (Pygoscelis adeliae);Anvers;Biscoe;Adult 1 Egg Stage;N55A2;Yes;11/20/09;432;190;197;4775;MALE
PAL0910;111;Adelie Penguin (Pygoscelis adeliae);Anvers;Biscoe;Adult 1 Egg Stage;N58A1;Yes;11/12/2009;381;165;198;3825;FEMALE
PAL0910;112;Adelie Penguin (Pygoscelis adeliae);Anvers;Biscoe;Adult 1 Egg Stage;N58A2;Yes;11/12/2009;456;203;191;4600;MALE
PAL0910;113;Adelie Penguin (Pygoscelis adeliae);Anvers;Biscoe;Adult 1 Egg Stage;N60A1;Yes;11/15/09;397;177;193;3200;FEMALE
PAL0910;114;Adelie Penguin (Pygoscelis adeliae);Anvers;Biscoe;Adult 1 Egg Stage;N60A2;Yes;11/15/09;422;195;197;4275;MALE
PAL0910;115;Adelie Penguin (Pygoscelis adeliae);Anvers;Biscoe;Adult 1 Egg Stage;N61A1;Yes;11/17/09;396;207;191;3900;FEMALE
PAL0910;116;Adelie Penguin (Pygoscelis adeliae);Anvers;Biscoe;Adult 1 Egg Stage;N61A2;Yes;11/17/09;427;183;196;4075;MALE
PAL0910;117;Adelie Penguin (Pygoscelis adeliae);Anvers;Torgersen;Adult 1 Egg Stage;N63A1;Yes;11/18/09;386;170;188;2900;FEMALE
PAL0910;118;Adelie Penguin (Pygoscelis adeliae);Anvers;Torgersen;Adult 1 Egg Stage;N63A2;Yes;11/18/09;373;205;199;3775;MALE
PAL0910;119;Adelie Penguin (Pygoscelis adeliae);Anvers;Torgersen;Adult 1 Egg Stage;N64A1;Yes;11/22/09;357;170;189;3350;FEMALE
PAL0910;120;Adelie Penguin (Pygoscelis adeliae);Anvers;Torgersen;Adult 1 Egg Stage;N64A2;Yes;11/22/09;411;186;189;3325;MALE
PAL0910;121;Adelie Penguin (Pygoscelis adeliae);Anvers;Torgersen;Adult 1 Egg Stage;N66A1;No;11/17/09;362;172;187;3150;FEMALE
PAL0910;122;Adelie Penguin (Pygoscelis adeliae);Anvers;Torgersen;Adult 1 Egg Stage;N66A2;No;11/17/09;377;198;198;3500;MALE
PAL0910;123;Adelie Penguin (Pygoscelis adeliae);Anvers;Torgersen;Adult 1 Egg Stage;N67A1;Yes;11/16/09;402;170;176;3450;FEMALE
PAL0910;124;Adelie Penguin (Pygoscelis adeliae);Anvers;Torgersen;Adult 1 Egg Stage;N67A2;Yes;11/16/09;414;185;202;3875;MALE
PAL0910;125;Adelie Penguin (Pygoscelis adeliae);Anvers;Torgersen;Adult 1 Egg Stage;N69A1;Yes;11/18/09;352;159;186;3050;FEMALE
PAL0910;126;Adelie Penguin (Pygoscelis adeliae);Anvers;Torgersen;Adult 1 Egg Stage;N69A2;Yes;11/18/09;406;190;199;4000;MALE
PAL0910;127;Adelie Penguin (Pygoscelis adeliae);Anvers;Torgersen;Adult 1 Egg Stage;N71A1;Yes;11/21/09;388;176;191;3275;FEMALE
PAL0910;128;Adelie Penguin (Pygoscelis adeliae);Anvers;Torgersen;Adult 1 Egg Stage;N71A2;Yes;11/21/09;415;183;195;4300;MALE
PAL0910;129;Adelie Penguin (Pygoscelis adeliae);Anvers;Torgersen;Adult 1 Egg Stage;N72A1;Yes;11/18/09;390;171;191;3050;FEMALE
PAL0910;130;Adelie Penguin (Pygoscelis adeliae);Anvers;Torgersen;Adult 1 Egg Stage;N72A2;Yes;11/18/09;441;180;210;4000;MALE
PAL0910;131;Adelie Penguin (Pygoscelis adeliae);Anvers;Torgersen;Adult 1 Egg Stage;N73A1;No;11/23/09;385;179;190;3325;FEMALE
PAL0910;132;Adelie Penguin (Pygoscelis adeliae);Anvers;Torgersen;Adult 1 Egg Stage;N73A2;No;11/23/09;431;192;197;3500;MALE
PAL0910;133;Adelie Penguin (Pygoscelis adeliae);Anvers;Dream;Adult 1 Egg Stage;N76A1;Yes;11/10/2009;368;185;193;3500;FEMALE
PAL0910;134;Adelie Penguin (Pygoscelis adeliae);Anvers;Dream;Adult 1 Egg Stage;N76A2;Yes;11/10/2009;375;185;199;4475;MALE
PAL0910;135;Adelie Penguin (Pygoscelis adeliae);Anvers;Dream;Adult 1 Egg Stage;N77A1;Yes;11/13/09;381;176;187;3425;FEMALE
PAL0910;136;Adelie Penguin (Pygoscelis adeliae);Anvers;Dream;Adult 1 Egg Stage;N77A2;Yes;11/13/09;411;175;190;3900;MALE
PAL0910;137;Adelie Penguin (Pygoscelis adeliae);Anvers;Dream;Adult 1 Egg Stage;N78A1;Yes;11/16/09;356;175;191;3175;FEMALE
PAL0910;138;Adelie Penguin (Pygoscelis adeliae);Anvers;Dream;Adult 1 Egg Stage;N78A2;Yes;11/16/09;402;201;200;3975;MALE
PAL0910;139;Adelie Penguin (Pygoscelis adeliae);Anvers;Dream;Adult 1 Egg Stage;N79A1;No;11/16/09;370;165;185;3400;FEMALE
PAL0910;140;Adelie Penguin (Pygoscelis adeliae);Anvers;Dream;Adult 1 Egg Stage;N79A2;No;11/16/09;397;179;193;4250;MALE
PAL0910;141;Adelie Penguin (Pygoscelis adeliae);Anvers;Dream;Adult 1 Egg Stage;N80A1;Yes;11/14/09;402;171;193;3400;FEMALE
PAL0910;142;Adelie Penguin (Pygoscelis adeliae);Anvers;Dream;Adult 1 Egg Stage;N80A2;Yes;11/14/09;406;172;187;3475;MALE
PAL0910;143;Adelie Penguin (Pygoscelis adeliae);Anvers;Dream;Adult 1 Egg Stage;N81A1;Yes;11/16/09;321;155;188;3050;FEMALE
PAL0910;144;Adelie Penguin (Pygoscelis adeliae);Anvers;Dream;Adult 1 Egg Stage;N81A2;Yes;11/16/09;407;170;190;3725;MALE
PAL0910;145;Adelie Penguin (Pygoscelis adeliae);Anvers;Dream;Adult 1 Egg Stage;N82A1;Yes;11/16/09;373;168;192;3000;FEMALE
PAL0910;146;Adelie Penguin (Pygoscelis adeliae);Anvers;Dream;Adult 1 Egg Stage;N82A2;Yes;11/16/09;390;187;185;3650;MALE
PAL0910;147;Adelie Penguin (Pygoscelis adeliae);Anvers;Dream;Adult 1 Egg Stage;N83A1;Yes;11/13/09;392;186;190;4250;MALE
PAL0910;148;Adelie Penguin (Pygoscelis adeliae);Anvers;Dream;Adult 1 Egg Stage;N83A2;Yes;11/13/09;366;184;184;3475;FEMALE
PAL0910;149;Adelie Penguin (Pygoscelis adeliae);Anvers;Dream;Adult 1 Egg Stage;N84A1;Yes;11/17/09;360;178;195;3450;FEMALE
PAL0910;150;Adelie Penguin (Pygoscelis adeliae);Anvers;Dream;Adult 1 Egg Stage;N84A2;Yes;11/17/09;378;181;193;3750;MALE
PAL0910;151;Adelie Penguin (Pygoscelis adeliae);Anvers;Dream;Adult 1 Egg Stage;N85A1;Yes;11/17/09;360;171;187;3700;FEMALE
PAL0910;152;Adelie Penguin (Pygoscelis adeliae);Anvers;Dream;Adult 1 Egg Stage;N85A2;Yes;11/17/09;415;185;201;4000;MALE
PAL0708;1;Chinstrap penguin (Pygoscelis antarctica);Anvers;Dream;Adult 1 Egg Stage;N61A1;No;11/19/07;465;179;192;3500;FEMALE
PAL0708;2;Chinstrap penguin (Pygoscelis antarctica);Anvers;Dream;Adult 1 Egg Stage;N61A2;No;11/19/07;500;195;196;3900;MALE
PAL0708;3;Chinstrap penguin (Pygoscelis antarctica);Anvers;Dream;Adult 1 Egg Stage;N62A1;Yes;11/26/07;513;192;193;3650;MALE
PAL0708;4;Chinstrap penguin (Pygoscelis antarctica);Anvers;Dream;Adult 1 Egg Stage;N62A2;Yes;11/26/07;454;187;188;3525;FEMALE
PAL0708;5;Chinstrap penguin (Pygoscelis antarctica);Anvers;Dream;Adult 1 Egg Stage;N64A1;Yes;11/21/07;527;198;197;3725;MALE
PAL0708;6;Chinstrap penguin (Pygoscelis antarctica);Anvers;Dream;Adult 1 Egg Stage;N64A2;Yes;11/21/07;452;178;198;3950;FEMALE
PAL0708;7;Chinstrap penguin (Pygoscelis antarctica);Anvers;Dream;Adult 1 Egg Stage;N66A1;Yes;11/28/07;461;182;178;3250;FEMALE
PAL0708;8;Chinstrap penguin (Pygoscelis antarctica);Anvers;Dream;Adult 1 Egg Stage;N66A2;Yes;11/28/07;513;182;197;3750;MALE
PAL0708;9;Chinstrap penguin (Pygoscelis antarctica);Anvers;Dream;Adult 1 Egg Stage;N67A1;Yes;11/21/07;460;189;195;4150;FEMALE
PAL0708;10;Chinstrap penguin (Pygoscelis antarctica);Anvers;Dream;Adult 1 Egg Stage;N67A2;Yes;11/21/07;513;199;198;3700;MALE
PAL0708;11;Chinstrap penguin (Pygoscelis antarctica);Anvers;Dream;Adult 1 Egg Stage;N68A1;Yes;11/28/07;466;178;193;3800;FEMALE
PAL0708;12;Chinstrap penguin (Pygoscelis antarctica);Anvers;Dream;Adult 1 Egg Stage;N68A2;Yes;11/28/07;517;203;194;3775;MALE
PAL0708;13;Chinstrap penguin (Pygoscelis antarctica);Anvers;Dream;Adult 1 Egg Stage;N69A1;Yes;11/26/07;470;173;185;3700;FEMALE
PAL0708;14;Chinstrap penguin (Pygoscelis antarctica);Anvers;Dream;Adult 1 Egg Stage;N69A2;Yes;11/26/07;520;181;201;4050;MALE
PAL0708;15;Chinstrap penguin (Pygoscelis antarctica);Anvers;Dream;Adult 1 Egg Stage;N70A1;Yes;11/22/07;459;171;190;3575;FEMALE
PAL0708;16;Chinstrap penguin (Pygoscelis antarctica);Anvers;Dream;Adult 1 Egg Stage;N70A2;Yes;11/22/07;505;196;201;4050;MALE
PAL0708;17;Chinstrap penguin (Pygoscelis antarctica);Anvers;Dream;Adult 1 Egg Stage;N71A1;No;11/30/07;503;200;197;3300;MALE
PAL0708;18;Chinstrap penguin (Pygoscelis antarctica);Anvers;Dream;Adult 1 Egg Stage;N71A2;No;11/30/07;580;178;181;3700;FEMALE
PAL0708;19;Chinstrap penguin (Pygoscelis antarctica);Anvers;Dream;Adult 1 Egg Stage;N72A1;Yes;11/30/07;464;186;190;3450;FEMALE
PAL0708;20;Chinstrap penguin (Pygoscelis antarctica);Anvers;Dream;Adult 1 Egg Stage;N72A2;Yes;11/30/07;492;182;195;4400;MALE
PAL0708;21;Chinstrap penguin (Pygoscelis antarctica);Anvers;Dream;Adult 1 Egg Stage;N73A1;Yes;12/03/2007;424;173;181;3600;FEMALE
PAL0708;22;Chinstrap penguin (Pygoscelis antarctica);Anvers;Dream;Adult 1 Egg Stage;N73A2;Yes;12/03/2007;485;175;191;3400;MALE
PAL0708;23;Chinstrap penguin (Pygoscelis antarctica);Anvers;Dream;Adult 1 Egg Stage;N85A1;No;11/28/07;432;166;187;2900;FEMALE
PAL0708;24;Chinstrap penguin (Pygoscelis antarctica);Anvers;Dream;Adult 1 Egg Stage;N85A2;No;11/28/07;506;194;193;3800;MALE
PAL0708;25;Chinstrap penguin (Pygoscelis antarctica);Anvers;Dream;Adult 1 Egg Stage;N89A1;No;11/28/07;467;179;195;3300;FEMALE
PAL0708;26;Chinstrap penguin (Pygoscelis antarctica);Anvers;Dream;Adult 1 Egg Stage;N89A2;No;11/28/07;520;190;197;4150;MALE
PAL0809;27;Chinstrap penguin (Pygoscelis antarctica);Anvers;Dream;Adult 1 Egg Stage;N61A1;No;11/25/08;505;184;200;3400;FEMALE
PAL0809;28;Chinstrap penguin (Pygoscelis antarctica);Anvers;Dream;Adult 1 Egg Stage;N61A2;No;11/25/08;495;190;200;3800;MALE
PAL0809;29;Chinstrap penguin (Pygoscelis antarctica);Anvers;Dream;Adult 1 Egg Stage;N62A1;Yes;11/14/08;464;178;191;3700;FEMALE
PAL0809;30;Chinstrap penguin (Pygoscelis antarctica);Anvers;Dream;Adult 1 Egg Stage;N62A2;Yes;11/14/08;528;200;205;4550;MALE
PAL0809;31;Chinstrap penguin (Pygoscelis antarctica);Anvers;Dream;Adult 1 Egg Stage;N63A1;Yes;11/24/08;409;166;187;3200;FEMALE
PAL0809;32;Chinstrap penguin (Pygoscelis antarctica);Anvers;Dream;Adult 1 Egg Stage;N63A2;Yes;11/24/08;542;208;201;4300;MALE
PAL0809;33;Chinstrap penguin (Pygoscelis antarctica);Anvers;Dream;Adult 1 Egg Stage;N65A1;Yes;11/24/08;425;167;187;3350;FEMALE
PAL0809;34;Chinstrap penguin (Pygoscelis antarctica);Anvers;Dream;Adult 1 Egg Stage;N65A2;Yes;11/24/08;510;188;203;4100;MALE
PAL0809;35;Chinstrap penguin (Pygoscelis antarctica);Anvers;Dream;Adult 1 Egg Stage;N67A1;Yes;11/25/08;497;186;195;3600;MALE
PAL0809;36;Chinstrap penguin (Pygoscelis antarctica);Anvers;Dream;Adult 1 Egg Stage;N67A2;Yes;11/25/08;475;168;199;3900;FEMALE
PAL0809;37;Chinstrap penguin (Pygoscelis antarctica);Anvers;Dream;Adult 1 Egg Stage;N69A1;Yes;11/14/08;476;183;195;3850;FEMALE
PAL0809;38;Chinstrap penguin (Pygoscelis antarctica);Anvers;Dream;Adult 1 Egg Stage;N69A2;Yes;11/14/08;520;207;210;4800;MALE
PAL0809;39;Chinstrap penguin (Pygoscelis antarctica);Anvers;Dream;Adult 1 Egg Stage;N72A1;No;11/24/08;469;166;192;2700;FEMALE
PAL0809;40;Chinstrap penguin (Pygoscelis antarctica);Anvers;Dream;Adult 1 Egg Stage;N72A2;No;11/24/08;535;199;205;4500;MALE
PAL0809;41;Chinstrap penguin (Pygoscelis antarctica);Anvers;Dream;Adult 1 Egg Stage;N74A1;Yes;11/24/08;490;195;210;3950;MALE
PAL0809;42;Chinstrap penguin (Pygoscelis antarctica);Anvers;Dream;Adult 1 Egg Stage;N74A2;Yes;11/24/08;462;175;187;3650;FEMALE
PAL0809;43;Chinstrap penguin (Pygoscelis antarctica);Anvers;Dream;Adult 1 Egg Stage;N75A1;Yes;11/14/08;509;191;196;3550;MALE
PAL0809;44;Chinstrap penguin (Pygoscelis antarctica);Anvers;Dream;Adult 1 Egg Stage;N75A2;Yes;11/14/08;455;170;196;3500;FEMALE
PAL0910;45;Chinstrap penguin (Pygoscelis antarctica);Anvers;Dream;Adult 1 Egg Stage;N86A1;Yes;11/17/09;509;179;196;3675;FEMALE
PAL0910;46;Chinstrap penguin (Pygoscelis antarctica);Anvers;Dream;Adult 1 Egg Stage;N86A2;Yes;11/17/09;508;185;201;4450;MALE
PAL0910;47;Chinstrap penguin (Pygoscelis antarctica);Anvers;Dream;Adult 1 Egg Stage;N87A1;Yes;11/27/09;501;179;190;3400;FEMALE
PAL0910;48;Chinstrap penguin (Pygoscelis antarctica);Anvers;Dream;Adult 1 Egg Stage;N87A2;Yes;11/27/09;490;196;212;4300;MALE
PAL0910;49;Chinstrap penguin (Pygoscelis antarctica);Anvers;Dream;Adult 1 Egg Stage;N88A1;Yes;11/23/09;515;187;187;3250;MALE
PAL0910;50;Chinstrap penguin (Pygoscelis antarctica);Anvers;Dream;Adult 1 Egg Stage;N88A2;Yes;11/23/09;498;173;198;3675;FEMALE
PAL0910;51;Chinstrap penguin (Pygoscelis antarctica);Anvers;Dream;Adult 1 Egg Stage;N90A1;Yes;11/21/09;481;164;199;3325;FEMALE
PAL0910;52;Chinstrap penguin (Pygoscelis antarctica);Anvers;Dream;Adult 1 Egg Stage;N90A2;Yes;11/21/09;514;190;201;3950;MALE
PAL0910;53;Chinstrap penguin (Pygoscelis antarctica);Anvers;Dream;Adult 1 Egg Stage;N92A1;Yes;11/23/09;457;173;193;3600;FEMALE
PAL0910;54;Chinstrap penguin (Pygoscelis antarctica);Anvers;Dream;Adult 1 Egg Stage;N92A2;Yes;11/23/09;507;197;203;4050;MALE
PAL0910;55;Chinstrap penguin (Pygoscelis antarctica);Anvers;Dream;Adult 1 Egg Stage;N93A1;Yes;11/27/09;425;173;187;3350;FEMALE
PAL0910;56;Chinstrap penguin (Pygoscelis antarctica);Anvers;Dream;Adult 1 Egg Stage;N93A2;Yes;11/27/09;522;188;197;3450;MALE
PAL0910;57;Chinstrap penguin (Pygoscelis antarctica);Anvers;Dream;Adult 1 Egg Stage;N94A1;Yes;11/21/09;452;166;191;3250;FEMALE
PAL0910;58;Chinstrap penguin (Pygoscelis antarctica);Anvers;Dream;Adult 1 Egg Stage;N94A2;Yes;11/21/09;493;199;203;4050;MALE
PAL0910;59;Chinstrap penguin (Pygoscelis antarctica);Anvers;Dream;Adult 1 Egg Stage;N95A1;Yes;11/21/09;502;188;202;3800;MALE
PAL0910;60;Chinstrap penguin (Pygoscelis antarctica);Anvers;Dream;Adult 1 Egg Stage;N95A2;Yes;11/21/09;456;194;194;3525;FEMALE
PAL0910;62;Chinstrap penguin (Pygoscelis antarctica);Anvers;Dream;Adult 1 Egg Stage;N96A2;Yes;11/27/09;468;165;189;3650;FEMALE
PAL0910;63;Chinstrap penguin (Pygoscelis antarctica);Anvers;Dream;Adult 1 Egg Stage;N98A1;Yes;11/19/09;457;170;195;3650;FEMALE
PAL0910;64;Chinstrap penguin (Pygoscelis antarctica);Anvers;Dream;Adult 1 Egg Stage;N98A2;Yes;11/19/09;558;198;207;4000;MALE
PAL0910;65;Chinstrap penguin (Pygoscelis antarctica);Anvers;Dream;Adult 1 Egg Stage;N99A1;No;11/21/09;435;181;202;3400;FEMALE
PAL0910;66;Chinstrap penguin (Pygoscelis antarctica);Anvers;Dream;Adult 1 Egg Stage;N99A2;No;11/21/09;496;182;193;3775;MALE
PAL0910;67;Chinstrap penguin (Pygoscelis antarctica);Anvers;Dream;Adult 1 Egg Stage;N100A1;Yes;11/21/09;508;190;210;4100;MALE
PAL0910;68;Chinstrap penguin (Pygoscelis antarctica);Anvers;Dream;Adult 1 Egg Stage;N100A2;Yes;11/21/09;502;187;198;3775;FEMALE
PAL0708;1;Gentoo penguin (Pygoscelis papua);Anvers;Biscoe;Adult 1 Egg Stage;N31A1;Yes;11/27/07;461;132;211;4500;FEMALE
PAL0708;2;Gentoo penguin (Pygoscelis papua);Anvers;Biscoe;Adult 1 Egg Stage;N31A2;Yes;11/27/07;500;163;230;5700;MALE
PAL0708;3;Gentoo penguin (Pygoscelis papua);Anvers;Biscoe;Adult 1 Egg Stage;N32A1;Yes;11/27/07;487;141;210;4450;FEMALE
PAL0708;4;Gentoo penguin (Pygoscelis papua);Anvers;Biscoe;Adult 1 Egg Stage;N32A2;Yes;11/27/07;500;152;218;5700;MALE
PAL0708;5;Gentoo penguin (Pygoscelis papua);Anvers;Biscoe;Adult 1 Egg Stage;N33A1;Yes;11/18/07;476;145;215;5400;MALE
PAL0708;6;Gentoo penguin (Pygoscelis papua);Anvers;Biscoe;Adult 1 Egg Stage;N33A2;Yes;11/18/07;465;135;210;4550;FEMALE
PAL0708;7;Gentoo penguin (Pygoscelis papua);Anvers;Biscoe;Adult 1 Egg Stage;N34A1;Yes;11/27/07;454;146;211;4800;FEMALE
PAL0708;8;Gentoo penguin (Pygoscelis papua);Anvers;Biscoe;Adult 1 Egg Stage;N34A2;Yes;11/27/07;467;153;219;5200;MALE
PAL0708;9;Gentoo penguin (Pygoscelis papua);Anvers;Biscoe;Adult 1 Egg Stage;N35A1;Yes;11/27/07;433;134;209;4400;FEMALE
PAL0708;10;Gentoo penguin (Pygoscelis papua);Anvers;Biscoe;Adult 1 Egg Stage;N35A2;Yes;11/27/07;468;154;215;5150;MALE
PAL0708;11;Gentoo penguin (Pygoscelis papua);Anvers;Biscoe;Adult 1 Egg Stage;N36A1;No;11/27/07;409;137;214;4650;FEMALE
PAL0708;12;Gentoo penguin (Pygoscelis papua);Anvers;Biscoe;Adult 1 Egg Stage;N36A2;No;11/27/07;490;161;216;5550;MALE
PAL0708;13;Gentoo penguin (Pygoscelis papua);Anvers;Biscoe;Adult 1 Egg Stage;N37A1;Yes;11/29/07;455;137;214;4650;FEMALE
PAL0708;14;Gentoo penguin (Pygoscelis papua);Anvers;Biscoe;Adult 1 Egg Stage;N37A2;Yes;11/29/07;484;146;213;5850;MALE
PAL0708;15;Gentoo penguin (Pygoscelis papua);Anvers;Biscoe;Adult 1 Egg Stage;N38A1;Yes;12/03/2007;458;146;210;4200;FEMALE
PAL0708;16;Gentoo penguin (Pygoscelis papua);Anvers;Biscoe;Adult 1 Egg Stage;N38A2;Yes;12/03/2007;493;157;217;5850;MALE
PAL0708;17;Gentoo penguin (Pygoscelis papua);Anvers;Biscoe;Adult 1 Egg Stage;N39A1;Yes;11/27/07;420;135;210;4150;FEMALE
PAL0708;18;Gentoo penguin (Pygoscelis papua);Anvers;Biscoe;Adult 1 Egg Stage;N39A2;Yes;11/27/07;492;152;221;6300;MALE
PAL0708;19;Gentoo penguin (Pygoscelis papua);Anvers;Biscoe;Adult 1 Egg Stage;N40A1;Yes;11/27/07;462;145;209;4800;FEMALE
PAL0708;20;Gentoo penguin (Pygoscelis papua);Anvers;Biscoe;Adult 1 Egg Stage;N40A2;Yes;11/27/07;487;151;222;5350;MALE
PAL0708;21;Gentoo penguin (Pygoscelis papua);Anvers;Biscoe;Adult 1 Egg Stage;N41A1;Yes;11/27/07;502;143;218;5700;MALE
PAL0708;22;Gentoo penguin (Pygoscelis papua);Anvers;Biscoe;Adult 1 Egg Stage;N41A2;Yes;11/27/07;451;145;215;5000;FEMALE
PAL0708;23;Gentoo penguin (Pygoscelis papua);Anvers;Biscoe;Adult 1 Egg Stage;N42A1;Yes;11/27/07;465;145;213;4400;FEMALE
PAL0708;24;Gentoo penguin (Pygoscelis papua);Anvers;Biscoe;Adult 1 Egg Stage;N42A2;Yes;11/27/07;463;158;215;5050;MALE
PAL0708;25;Gentoo penguin (Pygoscelis papua);Anvers;Biscoe;Adult 1 Egg Stage;N44A1;Yes;11/29/07;429;131;215;5000;FEMALE
PAL0708;26;Gentoo penguin (Pygoscelis papua);Anvers;Biscoe;Adult 1 Egg Stage;N44A2;Yes;11/29/07;461;151;215;5100;MALE
PAL0708;28;Gentoo penguin (Pygoscelis papua);Anvers;Biscoe;Adult 1 Egg Stage;N46A2;Yes;11/29/07;478;150;215;5650;MALE
PAL0708;29;Gentoo penguin (Pygoscelis papua);Anvers;Biscoe;Adult 1 Egg Stage;N47A1;Yes;11/29/07;482;143;210;4600;FEMALE
PAL0708;30;Gentoo penguin (Pygoscelis papua);Anvers;Biscoe;Adult 1 Egg Stage;N47A2;Yes;11/29/07;500;153;220;5550;MALE
PAL0708;32;Gentoo penguin (Pygoscelis papua);Anvers;Biscoe;Adult 1 Egg Stage;N50A2;Yes;11/29/07;428;142;209;4700;FEMALE
PAL0708;33;Gentoo penguin (Pygoscelis papua);Anvers;Biscoe;Adult 1 Egg Stage;N56A1;Yes;12/03/2007;451;145;207;5050;FEMALE
PAL0708;34;Gentoo penguin (Pygoscelis papua);Anvers;Biscoe;Adult 1 Egg Stage;N56A2;Yes;12/03/2007;596;170;230;6050;MALE
PAL0809;35;Gentoo penguin (Pygoscelis papua);Anvers;Biscoe;Adult 1 Egg Stage;N2A1;Yes;11/13/08;491;148;220;5150;FEMALE
PAL0809;36;Gentoo penguin (Pygoscelis papua);Anvers;Biscoe;Adult 1 Egg Stage;N2A2;Yes;11/13/08;484;163;220;5400;MALE
PAL0809;37;Gentoo penguin (Pygoscelis papua);Anvers;Biscoe;Adult 1 Egg Stage;N4A1;Yes;11/02/2008;426;137;213;4950;FEMALE
PAL0809;38;Gentoo penguin (Pygoscelis papua);Anvers;Biscoe;Adult 1 Egg Stage;N4A2;Yes;11/02/2008;444;173;219;5250;MALE
PAL0809;39;Gentoo penguin (Pygoscelis papua);Anvers;Biscoe;Adult 1 Egg Stage;N5A1;Yes;11/09/2008;440;136;208;4350;FEMALE
PAL0809;40;Gentoo penguin (Pygoscelis papua);Anvers;Biscoe;Adult 1 Egg Stage;N5A2;Yes;11/09/2008;487;157;208;5350;MALE
PAL0809;41;Gentoo penguin (Pygoscelis papua);Anvers;Biscoe;Adult 1 Egg Stage;N6A1;No;11/04/2008;427;137;208;3950;FEMALE
PAL0809;42;Gentoo penguin (Pygoscelis papua);Anvers;Biscoe;Adult 1 Egg Stage;N6A2;No;11/04/2008;496;160;225;5700;MALE
PAL0809;43;Gentoo penguin (Pygoscelis papua);Anvers;Biscoe;Adult 1 Egg Stage;N7A1;Yes;11/04/2008;453;137;210;4300;FEMALE
PAL0809;44;Gentoo penguin (Pygoscelis papua);Anvers;Biscoe;Adult 1 Egg Stage;N7A2;Yes;11/04/2008;496;150;216;4750;MALE
PAL0809;45;Gentoo penguin (Pygoscelis papua);Anvers;Biscoe;Adult 1 Egg Stage;N8A1;Yes;11/03/2008;505;159;222;5550;MALE
PAL0809;46;Gentoo penguin (Pygoscelis papua);Anvers;Biscoe;Adult 1 Egg Stage;N8A2;Yes;11/03/2008;436;139;217;4900;FEMALE
PAL0809;47;Gentoo penguin (Pygoscelis papua);Anvers;Biscoe;Adult 1 Egg Stage;N11A1;No;11/09/2008;455;139;210;4200;FEMALE
PAL0809;48;Gentoo penguin (Pygoscelis papua);Anvers;Biscoe;Adult 1 Egg Stage;N11A2;No;11/09/2008;505;159;225;5400;MALE
PAL0809;49;Gentoo penguin (Pygoscelis papua);Anvers;Biscoe;Adult 1 Egg Stage;N12A1;Yes;11/02/2008;449;133;213;5100;FEMALE
PAL0809;50;Gentoo penguin (Pygoscelis papua);Anvers;Biscoe;Adult 1 Egg Stage;N12A2;Yes;11/02/2008;452;158;215;5300;MALE
PAL0809;51;Gentoo penguin (Pygoscelis papua);Anvers;Biscoe;Adult 1 Egg Stage;N13A1;Yes;11/04/2008;466;142;210;4850;FEMALE
PAL0809;52;Gentoo penguin (Pygoscelis papua);Anvers;Biscoe;Adult 1 Egg Stage;N13A2;Yes;11/04/2008;485;141;220;5300;MALE
PAL0809;53;Gentoo penguin (Pygoscelis papua);Anvers;Biscoe;Adult 1 Egg Stage;N14A1;Yes;11/04/2008;451;144;210;4400;FEMALE
PAL0809;54;Gentoo penguin (Pygoscelis papua);Anvers;Biscoe;Adult 1 Egg Stage;N14A2;Yes;11/04/2008;501;150;225;5000;MALE
PAL0809;55;Gentoo penguin (Pygoscelis papua);Anvers;Biscoe;Adult 1 Egg Stage;N15A1;Yes;11/04/2008;465;144;217;4900;FEMALE
PAL0809;56;Gentoo penguin (Pygoscelis papua);Anvers;Biscoe;Adult 1 Egg Stage;N15A2;Yes;11/04/2008;450;154;220;5050;MALE
PAL0809;57;Gentoo penguin (Pygoscelis papua);Anvers;Biscoe;Adult 1 Egg Stage;N16A1;Yes;11/03/2008;438;139;208;4300;FEMALE
PAL0809;58;Gentoo penguin (Pygoscelis papua);Anvers;Biscoe;Adult 1 Egg Stage;N16A2;Yes;11/03/2008;455;150;220;5000;MALE
PAL0809;59;Gentoo penguin (Pygoscelis papua);Anvers;Biscoe;Adult 1 Egg Stage;N17A1;Yes;11/06/2008;432;145;208;4450;FEMALE
PAL0809;60;Gentoo penguin (Pygoscelis papua);Anvers;Biscoe;Adult 1 Egg Stage;N17A2;Yes;11/06/2008;504;153;224;5550;MALE
PAL0809;61;Gentoo penguin (Pygoscelis papua);Anvers;Biscoe;Adult 1 Egg Stage;N18A1;Yes;11/03/2008;453;138;208;4200;FEMALE
PAL0809;62;Gentoo penguin (Pygoscelis papua);Anvers;Biscoe;Adult 1 Egg Stage;N18A2;Yes;11/03/2008;462;149;221;5300;MALE
PAL0809;63;Gentoo penguin (Pygoscelis papua);Anvers;Biscoe;Adult 1 Egg Stage;N19A1;Yes;11/13/08;457;139;214;4400;FEMALE
PAL0809;64;Gentoo penguin (Pygoscelis papua);Anvers;Biscoe;Adult 1 Egg Stage;N19A2;Yes;11/13/08;543;157;231;5650;MALE
PAL0809;65;Gentoo penguin (Pygoscelis papua);Anvers;Biscoe;Adult 1 Egg Stage;N20A1;Yes;11/04/2008;458;142;219;4700;FEMALE
PAL0809;66;Gentoo penguin (Pygoscelis papua);Anvers;Biscoe;Adult 1 Egg Stage;N20A2;Yes;11/04/2008;498;168;230;5700;MALE
PAL0809;68;Gentoo penguin (Pygoscelis papua);Anvers;Biscoe;Adult 1 Egg Stage;N51A2;Yes;11/09/2008;495;162;229;5800;MALE
PAL0809;69;Gentoo penguin (Pygoscelis papua);Anvers;Biscoe;Adult 1 Egg Stage;N53A1;Yes;11/13/08;435;142;220;4700;FEMALE
PAL0809;70;Gentoo penguin (Pygoscelis papua);Anvers;Biscoe;Adult 1 Egg Stage;N53A2;Yes;11/13/08;507;150;223;5550;MALE
PAL0809;71;Gentoo penguin (Pygoscelis papua);Anvers;Biscoe;Adult 1 Egg Stage;N54A1;Yes;11/03/2008;477;150;216;4750;FEMALE
PAL0809;72;Gentoo penguin (Pygoscelis papua);Anvers;Biscoe;Adult 1 Egg Stage;N54A2;Yes;11/03/2008;464;156;221;5000;MALE
PAL0809;73;Gentoo penguin (Pygoscelis papua);Anvers;Biscoe;Adult 1 Egg Stage;N55A1;Yes;11/09/2008;482;156;221;5100;MALE
PAL0809;74;Gentoo penguin (Pygoscelis papua);Anvers;Biscoe;Adult 1 Egg Stage;N55A2;Yes;11/09/2008;465;148;217;5200;FEMALE
PAL0809;75;Gentoo penguin (Pygoscelis papua);Anvers;Biscoe;Adult 1 Egg Stage;N56A1;Yes;11/06/2008;464;150;216;4700;FEMALE
PAL0809;76;Gentoo penguin (Pygoscelis papua);Anvers;Biscoe;Adult 1 Egg Stage;N56A2;Yes;11/06/2008;486;160;230;5800;MALE
PAL0809;77;Gentoo penguin (Pygoscelis papua);Anvers;Biscoe;Adult 1 Egg Stage;N58A1;Yes;11/06/2008;475;142;209;4600;FEMALE
PAL0809;78;Gentoo penguin (Pygoscelis papua);Anvers;Biscoe;Adult 1 Egg Stage;N58A2;Yes;11/06/2008;511;163;220;6000;MALE
PAL0809;79;Gentoo penguin (Pygoscelis papua);Anvers;Biscoe;Adult 1 Egg Stage;N60A1;Yes;11/09/2008;452;138;215;4750;FEMALE
PAL0809;80;Gentoo penguin (Pygoscelis papua);Anvers;Biscoe;Adult 1 Egg Stage;N60A2;Yes;11/09/2008;452;164;223;5950;MALE
PAL0910;81;Gentoo penguin (Pygoscelis papua);Anvers;Biscoe;Adult 1 Egg Stage;N1A1;Yes;11/18/09;491;145;212;4625;FEMALE
PAL0910;82;Gentoo penguin (Pygoscelis papua);Anvers;Biscoe;Adult 1 Egg Stage;N1A2;Yes;11/18/09;525;156;221;5450;MALE
PAL0910;83;Gentoo penguin (Pygoscelis papua);Anvers;Biscoe;Adult 1 Egg Stage;N6A1;Yes;11/15/09;474;146;212;4725;FEMALE
PAL0910;84;Gentoo penguin (Pygoscelis papua);Anvers;Biscoe;Adult 1 Egg Stage;N6A2;Yes;11/15/09;500;159;224;5350;MALE
PAL0910;85;Gentoo penguin (Pygoscelis papua);Anvers;Biscoe;Adult 1 Egg Stage;N8A1;Yes;11/22/09;449;138;212;4750;FEMALE
PAL0910;86;Gentoo penguin (Pygoscelis papua);Anvers;Biscoe;Adult 1 Egg Stage;N8A2;Yes;11/22/09;508;173;228;5600;MALE
PAL0910;87;Gentoo penguin (Pygoscelis papua);Anvers;Biscoe;Adult 1 Egg Stage;N13A1;Yes;11/20/09;434;144;218;4600;FEMALE
PAL0910;88;Gentoo penguin (Pygoscelis papua);Anvers;Biscoe;Adult 1 Egg Stage;N13A2;Yes;11/20/09;513;142;218;5300;MALE
PAL0910;89;Gentoo penguin (Pygoscelis papua);Anvers;Biscoe;Adult 1 Egg Stage;N14A1;Yes;11/25/09;475;140;212;4875;FEMALE
PAL0910;90;Gentoo penguin (Pygoscelis papua);Anvers;Biscoe;Adult 1 Egg Stage;N14A2;Yes;11/25/09;521;170;230;5550;MALE
PAL0910;91;Gentoo penguin (Pygoscelis papua);Anvers;Biscoe;Adult 1 Egg Stage;N15A1;Yes;11/25/09;475;150;218;4950;FEMALE
PAL0910;92;Gentoo penguin (Pygoscelis papua);Anvers;Biscoe;Adult 1 Egg Stage;N15A2;Yes;11/25/09;522;171;228;5400;MALE
PAL0910;93;Gentoo penguin (Pygoscelis papua);Anvers;Biscoe;Adult 1 Egg Stage;N18A1;Yes;12/01/2009;455;145;212;4750;FEMALE
PAL0910;94;Gentoo penguin (Pygoscelis papua);Anvers;Biscoe;Adult 1 Egg Stage;N18A2;Yes;12/01/2009;495;161;224;5650;MALE
PAL0910;95;Gentoo penguin (Pygoscelis papua);Anvers;Biscoe;Adult 1 Egg Stage;N19A1;Yes;11/27/09;445;147;214;4850;FEMALE
PAL0910;96;Gentoo penguin (Pygoscelis papua);Anvers;Biscoe;Adult 1 Egg Stage;N19A2;Yes;11/27/09;508;157;226;5200;MALE
PAL0910;97;Gentoo penguin (Pygoscelis papua);Anvers;Biscoe;Adult 1 Egg Stage;N20A1;Yes;11/18/09;494;158;216;4925;MALE
PAL0910;98;Gentoo penguin (Pygoscelis papua);Anvers;Biscoe;Adult 1 Egg Stage;N20A2;Yes;11/18/09;469;146;222;4875;FEMALE
PAL0910;99;Gentoo penguin (Pygoscelis papua);Anvers;Biscoe;Adult 1 Egg Stage;N21A1;Yes;11/18/09;484;144;203;4625;FEMALE
PAL0910;100;Gentoo penguin (Pygoscelis papua);Anvers;Biscoe;Adult 1 Egg Stage;N21A2;Yes;11/18/09;511;165;225;5250;MALE
PAL0910;101;Gentoo penguin (Pygoscelis papua);Anvers;Biscoe;Adult 1 Egg Stage;N22A1;Yes;11/22/09;485;150;219;4850;FEMALE
PAL0910;102;Gentoo penguin (Pygoscelis papua);Anvers;Biscoe;Adult 1 Egg Stage;N22A2;Yes;11/22/09;559;170;228;5600;MALE
PAL0910;103;Gentoo penguin (Pygoscelis papua);Anvers;Biscoe;Adult 1 Egg Stage;N23A1;Yes;11/18/09;472;155;215;4975;FEMALE
PAL0910;104;Gentoo penguin (Pygoscelis papua);Anvers;Biscoe;Adult 1 Egg Stage;N23A2;Yes;11/18/09;491;150;228;5500;MALE
PAL0910;106;Gentoo penguin (Pygoscelis papua);Anvers;Biscoe;Adult 1 Egg Stage;N24A2;Yes;12/01/2009;468;161;215;5500;MALE
PAL0910;107;Gentoo penguin (Pygoscelis papua);Anvers;Biscoe;Adult 1 Egg Stage;N28A1;Yes;11/10/2009;417;147;210;4700;FEMALE
PAL0910;108;Gentoo penguin (Pygoscelis papua);Anvers;Biscoe;Adult 1 Egg Stage;N28A2;Yes;11/10/2009;534;158;219;5500;MALE
PAL0910;109;Gentoo penguin (Pygoscelis papua);Anvers;Biscoe;Adult 1 Egg Stage;N29A1;Yes;11/09/2009;433;140;208;4575;FEMALE
PAL0910;110;Gentoo penguin (Pygoscelis papua);Anvers;Biscoe;Adult 1 Egg Stage;N29A2;Yes;11/09/2009;481;151;209;5500;MALE
PAL0910;111;Gentoo penguin (Pygoscelis papua);Anvers;Biscoe;Adult 1 Egg Stage;N32A1;Yes;11/20/09;505;152;216;5000;FEMALE
PAL0910;112;Gentoo penguin (Pygoscelis papua);Anvers;Biscoe;Adult 1 Egg Stage;N32A2;Yes;11/20/09;498;159;229;5950;MALE
PAL0910;113;Gentoo penguin (Pygoscelis papua);Anvers;Biscoe;Adult 1 Egg Stage;N34A1;Yes;11/27/09;435;152;213;4650;FEMALE
PAL0910;114;Gentoo penguin (Pygoscelis papua);Anvers;Biscoe;Adult 1 Egg Stage;N34A2;Yes;11/27/09;515;163;230;5500;MALE
PAL0910;115;Gentoo penguin (Pygoscelis papua);Anvers;Biscoe;Adult 1 Egg Stage;N35A1;Yes;11/25/09;462;141;217;4375;FEMALE
PAL0910;116;Gentoo penguin (Pygoscelis papua);Anvers;Biscoe;Adult 1 Egg Stage;N35A2;Yes;11/25/09;551;160;230;5850;MALE
PAL0910;118;Gentoo penguin (Pygoscelis papua);Anvers;Biscoe;Adult 1 Egg Stage;N36A2;Yes;12/01/2009;488;162;222;6000;MALE
PAL0910;119;Gentoo penguin (Pygoscelis papua);Anvers;Biscoe;Adult 1 Egg Stage;N38A1;No;12/01/2009;472;137;214;4925;FEMALE
PAL0910;121;Gentoo penguin (Pygoscelis papua);Anvers;Biscoe;Adult 1 Egg Stage;N39A1;Yes;11/22/09;468;143;215;4850;FEMALE
PAL0910;122;Gentoo penguin (Pygoscelis papua);Anvers;Biscoe;Adult 1 Egg Stage;N39A2;Yes;11/22/09;504;157;222;5750;MALE
PAL0910;123;Gentoo penguin (Pygoscelis papua);Anvers;Biscoe;Adult 1 Egg Stage;N43A1;Yes;11/22/09;452;148;212;5200;FEMALE
PAL0910;124;Gentoo penguin (Pygoscelis papua);Anvers;Biscoe;Adult 1 Egg Stage;N43A2;Yes;11/22/09;499;161;213;5400;MALE
